Id,Position,First Name,Nickname,Last Name,FPPG,Played,Salary,Game,Team,Opponent,Injury Indicator,Injury Details
17888-9488,SF,LeBron,,James,47.9488878,45,11500,CLE@NY,CLE,NY,,
17888-15755,PF,Anthony,,Davis,50.70217497,46,11200,NO@WAS,NO,WAS,,
17888-12362,C,DeMarcus,,Cousins,49.53265505,49,11100,GS@SAC,SAC,GS,,
17888-9646,SF,Kevin,,Durant,46.76200195,50,10700,GS@SAC,GS,SAC,,
17888-12332,PG,John,,Wall,45,47,10600,NO@WAS,WAS,NO,,
17888-40199,SG,Giannis,,Antetokounmpo,46.06666565,48,10500,MIL@PHO,MIL,PHO,,
17888-58462,C,Karl-Anthony,,Towns,43.5,50,10400,MEM@MIN,MIN,MEM,,
17888-55062,PF,Nikola,,Jokic,33.41904704,42,10300,DEN@SA,DEN,SA,,
17888-14513,SF,Kawhi,,Leonard,40.33555501,45,9700,DEN@SA,SA,DEN,,
17888-9524,PG,Stephen,,Curry,40.82040717,49,9700,GS@SAC,GS,SAC,,
17888-12355,PG,Eric,,Bledsoe,37.42399902,50,9500,MIL@PHO,PHO,MIL,,
17888-12363,C,Hassan,,Whiteside,37.74222276,45,8800,PHI@MIA,MIA,PHI,,
17888-12341,SF,Paul,,George,35.97857085,42,8700,DET@IND,IND,DET,,
17888-9581,C,Marc,,Gasol,37.37,50,8700,MEM@MIN,MEM,MIN,,
17888-49111,C,Joel,,Embiid,35.69677341,31,8700,PHI@MIA,PHI,MIA,GTD,Knee
17888-14498,PG,Kyrie,,Irving,37.3255814,43,8600,CLE@NY,CLE,NY,,
17888-15557,C,Andre,,Drummond,36.48163215,49,8500,DET@IND,DET,IND,,
17888-9508,SF,Carmelo,,Anthony,35.19600098,50,8100,CLE@NY,NY,CLE,,
17888-9673,PG,Goran,,Dragic,33.49761963,42,8100,PHI@MIA,MIA,PHI,,
17888-9663,PG,Jrue,,Holiday,32.38285784,35,8000,NO@WAS,NO,WAS,,
17888-9729,PF,Paul,,Millsap,35.98297768,47,7900,ORL@ATL,ATL,ORL,,
17888-40203,C,Rudy,,Gobert,34.17600098,50,7900,CHA@UTA,UTA,CHA,,
17888-9575,PG,Mike,,Conley,33.9125,40,7800,MEM@MIN,MEM,MIN,,
17888-9688,PF,LaMarcus,,Aldridge,31.63409146,44,7800,DEN@SA,SA,DEN,GTD,Knee
17888-15860,PF,Draymond,,Green,35.9893617,47,7800,GS@SAC,GS,SAC,GTD,Shoulder
17888-12366,SF,Gordon,,Hayward,34.41395462,43,7600,CHA@UTA,UTA,CHA,,
17888-9874,PF,Kevin,,Love,36.16341344,41,7600,CLE@NY,CLE,NY,GTD,Back
17888-14507,PG,Kemba,,Walker,36.61632553,49,7600,CHA@UTA,CHA,UTA,GTD,Illness
17888-9446,PG,Jeff,,Teague,34.09796018,49,7600,DET@IND,IND,DET,,
17888-42550,PF,Jabari,,Parker,32.99183624,49,7400,MIL@PHO,MIL,PHO,,
17888-9660,C,Dwight,,Howard,33.53777669,45,7400,ORL@ATL,ATL,ORL,,
17888-49116,SF,Andrew,,Wiggins,30.62600098,50,7300,MEM@MIN,MIN,MEM,,
17888-14511,PF,Markieff,,Morris,26.89166768,48,7200,NO@WAS,WAS,NO,,
17888-14514,C,Nikola,,Vucevic,32.23265356,49,7200,ORL@ATL,ORL,ATL,,
17888-16220,SG,Dion,,Waiters,26.15666707,30,7200,PHI@MIA,MIA,PHI,,
17888-9809,SG,Nicolas,,Batum,32.91063934,47,7100,CHA@UTA,CHA,UTA,,
17888-15595,SG,Bradley,,Beal,31.44222276,45,7000,NO@WAS,WAS,NO,,
17888-58460,SG,Devin,,Booker,28.79591837,49,6900,MIL@PHO,PHO,MIL,,
17888-14496,PG,Ricky,,Rubio,26.87954434,44,6900,MEM@MIN,MIN,MEM,,
17888-14521,PF,Kenneth,,Faried,23.46888835,45,6900,DEN@SA,DEN,SA,,
17888-9637,SF,Danilo,,Gallinari,26.87272783,44,6900,DEN@SA,DEN,SA,O,Groin
17888-14509,SG,Klay,,Thompson,29.7367342,49,6700,GS@SAC,GS,SAC,,
17888-19138,PG,Elfrid,,Payton,27.40000094,52,6700,ORL@ATL,ORL,ATL,,
17888-58253,C,Myles,,Turner,30.78958384,48,6700,DET@IND,IND,DET,,
17888-9661,C,Marcin,,Gortat,29.41428671,49,6700,NO@WAS,WAS,NO,,
17888-63122,PF,Kristaps,,Porzingis,32.6837215,43,6600,CLE@NY,NY,CLE,,
17888-9475,PG,Derrick,,Rose,28.88139592,43,6500,CLE@NY,NY,CLE,GTD,Ankle
17888-9593,PG,Brandon,,Jennings,19.2254902,51,6500,CLE@NY,NY,CLE,,
17888-20491,SF,Robert,,Covington,24.38863581,44,6400,PHI@MIA,PHI,MIA,GTD,Hand
17888-15628,SF,Otto,,Porter,27.95918367,49,6400,NO@WAS,WAS,NO,,
17888-9957,PF,Serge,,Ibaka,28.47843185,51,6200,ORL@ATL,ORL,ATL,,
17888-9570,C,Pau,,Gasol,27.17436023,39,6200,DEN@SA,SA,DEN,O,Finger
17888-14523,PG,Reggie,,Jackson,26.59310387,29,6100,DET@IND,DET,IND,,
17888-9966,PF,James,,Johnson,24.10444336,45,6100,PHI@MIA,MIA,PHI,,
17888-40201,PG,Dennis,,Schroder,28.75399902,50,6100,ORL@ATL,ATL,ORL,,
17888-9579,PF,Zach,,Randolph,26.90888943,45,6100,MEM@MIN,MEM,MIN,,
17888-9598,PF,Ersan,,Ilyasova,25.16122499,49,6100,PHI@MIA,PHI,MIA,,
17888-15636,SG,Kentavious,,Caldwell-Pope,25.05777724,45,6000,DET@IND,DET,IND,,
17888-40783,SG,Zach,,LaVine,27.82978723,47,6000,MEM@MIN,MIN,MEM,GTD,Knee
17888-14518,PF,Tobias,,Harris,26.48,50,5900,DET@IND,DET,IND,,
17888-23825,PF,Nerlens,,Noel,18.91363664,22,5900,PHI@MIA,PHI,MIA,GTD,Illness
17888-9636,SF,Wilson,,Chandler,27.6511122,45,5900,DEN@SA,DEN,SA,,
17888-18600,PG,Tyler,,Johnson,26.60952323,42,5800,PHI@MIA,MIA,PHI,,
17888-9703,PG,George,,Hill,28.71923124,26,5800,CHA@UTA,UTA,CHA,,
17888-12337,C,Greg,,Monroe,24.07499949,48,5700,MIL@PHO,MIL,PHO,,
17888-18393,PG,T.J.,,McConnell,19.55833308,48,5700,PHI@MIA,PHI,MIA,,
17888-9638,PF,David,,Lee,16.97499975,48,5600,DEN@SA,SA,DEN,,
17888-9473,C,Tyson,,Chandler,24.46097621,41,5500,MIL@PHO,PHO,MIL,,
17888-15757,PF,Terrence,,Jones,22.85208384,48,5500,NO@WAS,NO,WAS,,
17888-15771,PF,Gorgui,,Dieng,25.52,50,5500,MEM@MIN,MIN,MEM,,
17888-9666,PF,Thaddeus,,Young,24.4755112,49,5500,DET@IND,IND,DET,GTD,Wrist
17888-14501,C,Tristan,,Thompson,23.18124898,48,5400,CLE@NY,CLE,NY,,
17888-15691,C,Cody,,Zeller,23.32368389,38,5400,CHA@UTA,CHA,UTA,O,Quadriceps
17888-63124,PG,Emmanuel,,Mudiay,22.0860468,43,5300,DEN@SA,DEN,SA,,
17888-63127,C,Guillermo,,Hernangomez,14.61627907,43,5300,CLE@NY,NY,CLE,,
17888-16233,SG,Josh,,Richardson,20.75357056,28,5300,PHI@MIA,MIA,PHI,O,Ankle
17888-15758,SF,Michael,,Kidd-Gilchrist,22.81224589,49,5300,CHA@UTA,CHA,UTA,,
17888-15846,SG,Tim,,Hardaway Jr.,18.70625051,48,5200,ORL@ATL,ATL,ORL,,
17888-14512,SF,Marcus,,Morris,23.26530612,49,5100,DET@IND,DET,IND,,
17888-24544,SG,Gary,,Harris,21.78,25,5100,DEN@SA,DEN,SA,,
17888-23096,SG,Evan,,Fournier,25.49743652,39,5000,ORL@ATL,ORL,ATL,,
17888-66115,SF,Ben,,Simmons,0,0,5000,PHI@MIA,PHI,MIA,O,Foot
17888-9451,PF,Marvin,,Williams,20.9931821,44,5000,CHA@UTA,CHA,UTA,,
17888-17333,SG,Will,,Barton,23.6599993,35,5000,DEN@SA,DEN,SA,,
17888-19781,SF,Kent,,Bazemore,20.93125025,48,4900,ORL@ATL,ATL,ORL,,
17888-9652,PG,Jameer,,Nelson,17.98979592,49,4900,DEN@SA,DEN,SA,,
17888-9692,SG,Tyreke,,Evans,19.77618989,21,4900,NO@WAS,NO,WAS,,
17888-16359,PG,Malcolm,,Brogdon,19.47142807,49,4900,MIL@PHO,MIL,PHO,,
17888-41594,SF,Aaron,,Gordon,20.81730769,52,4800,ORL@ATL,ORL,ATL,,
17888-9624,PG,Darren,,Collison,21.98333304,42,4800,GS@SAC,SAC,GS,,
17888-12351,PF,Derrick,,Favors,20.04848411,33,4700,CHA@UTA,UTA,CHA,GTD,Undisclosed
17888-23407,SF,P.J.,,Tucker,18.28,50,4700,MIL@PHO,PHO,MIL,,
17888-9700,C,Spencer,,Hawes,16.00571463,35,4700,MIL@PHO,MIL,PHO,O,Coach's decision
17888-15559,SG,Jeremy,,Lamb,17.20333252,30,4600,CHA@UTA,CHA,UTA,,
17888-14539,PF,Jon,,Leuer,21.3818179,44,4600,DET@IND,DET,IND,,
17888-58083,C,Jahlil,,Okafor,20.19999964,34,4600,PHI@MIA,PHI,MIA,,
17888-9615,SG,Courtney,,Lee,18.5956527,46,4600,CLE@NY,NY,CLE,,
17888-9643,PG,Shaun,,Livingston,10.91086943,46,4600,GS@SAC,GS,SAC,GTD,Back
17888-16448,PF,Frank,,Kaminsky,19.53958384,48,4500,CHA@UTA,CHA,UTA,,
17888-16261,SG,Khris,,Middleton,30.52784748,79,4500,MIL@PHO,MIL,PHO,O,Hamstring
17888-9678,PF,Channing,,Frye,15.56341404,41,4500,CLE@NY,CLE,NY,,
17888-15405,PF,JaMychal,,Green,20.81800049,50,4400,MEM@MIN,MEM,MIN,,
17888-15417,SF,Solomon,,Hill,15.06874975,48,4400,NO@WAS,NO,WAS,,
17888-9454,C,Zaza,,Pachulia,17.59090909,44,4400,GS@SAC,GS,SAC,O,Shoulder
17888-55056,PF,Dario,,Saric,19.15714311,49,4400,PHI@MIA,PHI,MIA,,
17888-9664,SF,Andre,,Iguodala,17.75833384,48,4400,GS@SAC,GS,SAC,,
17888-9702,PG,Tony,,Parker,19.94722154,36,4400,DEN@SA,SA,DEN,,
17888-9964,PG,Ty,,Lawson,19.26458359,48,4300,GS@SAC,SAC,GS,,
17888-9458,SG,Tony,,Allen,20.80444472,45,4300,MEM@MIN,MEM,MIN,,
17888-15904,SG,Rodney,,Hood,21.11999969,40,4200,CHA@UTA,UTA,CHA,O,Knee
17888-14515,SG,Iman,,Shumpert,15.58297924,47,4200,CLE@NY,CLE,NY,,
17888-9549,SG,Brandon,,Rush,7.243750095,16,4200,MEM@MIN,MIN,MEM,,
17888-20064,PG,Matthew,,Dellavedova,18.3545449,44,4100,MIL@PHO,MIL,PHO,,
17888-23717,SF,Shabazz,,Muhammad,13.14130435,46,4100,MEM@MIN,MIN,MEM,,
17888-11074,SG,Garrett,,Temple,16.49795968,49,4100,GS@SAC,SAC,GS,O,Hamstring
17888-17384,C,Kyle,,O'Quinn,16.99795968,49,4100,CLE@NY,NY,CLE,,
17888-9715,SG,Marco,,Belinelli,17.42666694,45,4100,CHA@UTA,CHA,UTA,,
17888-9725,SF,C.J.,,Miles,16.6534878,43,4100,DET@IND,IND,DET,,
17888-23120,SF,T.J.,,Warren,21.2972973,37,4000,MIL@PHO,PHO,MIL,,
17888-9483,C,Joakim,,Noah,20.85555556,45,4000,CLE@NY,NY,CLE,,
17888-9525,SG,C.J.,,Watson,9.247499847,40,4000,ORL@ATL,ORL,ATL,,
17888-9657,SF,Matt,,Barnes,17.26595745,47,4000,GS@SAC,SAC,GS,,
17888-9751,PG,Toney,,Douglas,11.55000019,8,3900,MEM@MIN,MEM,MIN,,
17888-14554,SG,E'Twaun,,Moore,17.36304374,46,3900,NO@WAS,NO,WAS,,
17888-9953,C,Ian,,Mahinmi,4.199999809,1,3900,NO@WAS,WAS,NO,O,Knee
17888-9956,SG,Wayne,,Ellington,17.12666626,30,3900,PHI@MIA,MIA,PHI,,
17888-9587,SF,Michael,,Beasley,15.10731767,41,3900,MIL@PHO,MIL,PHO,,
17888-16301,C,Dewayne,,Dedmon,15.09534827,43,3900,DEN@SA,SA,DEN,,
17888-9758,SG,Danny,,Green,16.61219453,41,3800,DEN@SA,SA,DEN,,
17888-66108,PG,Jamal,,Murray,14.54693853,49,3800,DEN@SA,DEN,SA,,
17888-67707,PF,Marquese,,Chriss,13.64599976,50,3800,MIL@PHO,PHO,MIL,,
17888-9939,PG,Patty,,Mills,17.72499975,48,3800,DEN@SA,SA,DEN,,
17888-16604,SG,Justin,,Holiday,14.30588187,51,3800,CLE@NY,NY,CLE,,
17888-12511,PG,Ish,,Smith,19.52040816,49,3800,DET@IND,DET,IND,,
17888-23802,PG,Kris,,Dunn,11.65918342,49,3800,MEM@MIN,MIN,MEM,GTD,Hand
17888-55057,C,Jusuf,,Nurkic,18.10476249,42,3800,DEN@SA,DEN,SA,,
17888-34615,C,Willie,,Reed,13.69512195,41,3800,PHI@MIA,MIA,PHI,,
17888-9654,SF,Vince,,Carter,16.73999973,45,3800,MEM@MIN,MEM,MIN,,
17888-9739,C,JaVale,,McGee,10.67111138,45,3700,GS@SAC,GS,SAC,,
17888-67708,PG,Dejounte,,Murray,6.385184959,27,3700,DEN@SA,SA,DEN,,
17888-9870,SG,Kyle,,Korver,16.277273,44,3700,CLE@NY,CLE,NY,,
17888-70820,PF,Thon,,Maker,5.555999756,25,3700,MIL@PHO,MIL,PHO,,
17888-9920,PF,Anthony,,Tolliver,13.40000032,38,3700,GS@SAC,SAC,GS,,
17888-14543,SF,Davis,,Bertans,8.095121802,41,3700,DEN@SA,SA,DEN,,
17888-9951,SG,Gerald,,Henderson,16.17272672,44,3700,PHI@MIA,PHI,MIA,,
17888-9447,SF,Joe,,Johnson,14.43265331,49,3700,CHA@UTA,UTA,CHA,,
17888-9968,SG,Jodie,,Meeks,15.42916616,24,3700,ORL@ATL,ORL,ATL,O,Thumb
17888-23800,SF,Glenn,,Robinson III,12.65531889,47,3700,DET@IND,IND,DET,,
17888-23823,PF,Willie,,Cauley-Stein,9.788371951,43,3700,GS@SAC,SAC,GS,,
17888-9565,PG,Jordan,,Farmar,15.05000019,2,3700,GS@SAC,SAC,GS,,
17888-9580,PF,Darrell,,Arthur,12.39199951,25,3700,DEN@SA,DEN,SA,,
17888-15744,SF,Rodney,,McGruder,13.31304401,46,3700,PHI@MIA,MIA,PHI,,
17888-9609,C,Al,,Jefferson,15.7367342,49,3700,DET@IND,IND,DET,,
17888-9648,SF,Jeff,,Green,15.14901913,51,3700,ORL@ATL,ORL,ATL,,
17888-59318,SF,Joe,,Ingles,14.28,50,3700,CHA@UTA,UTA,CHA,,
17888-9723,PG,Ronnie,,Price,12.48870948,62,3700,MIL@PHO,PHO,MIL,,
17888-9731,C,Kosta,,Koufos,15.06800049,50,3600,GS@SAC,SAC,GS,,
17888-66091,PF,Cheick,,Diallo,10.4333335,9,3600,NO@WAS,NO,WAS,,
17888-15955,PF,James Michael,,McAdoo,5.852174178,23,3600,GS@SAC,GS,SAC,,
17888-17491,SF,James,,Ennis III,15.64473684,38,3600,MEM@MIN,MEM,MIN,,
17888-23665,SG,Buddy,,Hield,13.94800049,50,3600,NO@WAS,NO,WAS,,
17888-63123,SG,Mario,,Hezonja,6.402857317,35,3600,ORL@ATL,ORL,ATL,,
17888-23716,SF,Kyle,,Anderson,9.170454545,44,3600,DEN@SA,SA,DEN,,
17888-14505,C,Bismack,,Biyombo,18.38823505,51,3600,ORL@ATL,ORL,ATL,,
17888-42665,PG,Andrew,,Harrison,15,49,3600,MEM@MIN,MEM,MIN,,
17888-71345,SF,Mindaugas,,Kuzminskas,10.56590895,44,3600,CLE@NY,NY,CLE,,
17888-9960,PF,Omri,,Casspi,12.77272727,22,3600,GS@SAC,SAC,GS,O,Foot
17888-23801,SG,Nik,,Stauskas,15.24255371,47,3600,PHI@MIA,PHI,MIA,,
17888-58658,SG,Patrick,,McCaw,6.292499924,40,3600,GS@SAC,GS,SAC,,
17888-18821,SF,Jonathon,,Simmons,12.75217338,46,3600,DEN@SA,SA,DEN,,
17888-23447,PF,Richaun,,Holmes,14.77407385,27,3600,PHI@MIA,PHI,MIA,,
17888-9647,SF,Thabo,,Sefolosha,18.57499972,44,3600,ORL@ATL,ATL,ORL,GTD,Groin
17888-17894,PF,Mike,,Muscala,15.60681846,44,3600,ORL@ATL,ATL,ORL,,
17888-9704,SG,Manu,,Ginobili,16.35238066,42,3600,DEN@SA,SA,DEN,,
17888-58350,SF,Stanley,,Johnson,10.16086943,46,3600,DET@IND,DET,IND,,
17888-9734,SF,Mike,,Miller,4.033333249,9,3500,DEN@SA,DEN,SA,,
17888-66064,SG,Malik,,Beasley,4.553846213,13,3500,DEN@SA,DEN,SA,,
17888-23572,SF,Taurean,,Prince,7.200000105,29,3500,ORL@ATL,ATL,ORL,,
17888-9752,PF,Jordan,,Hill,4.920000076,5,3500,MEM@MIN,MIN,MEM,,
17888-16411,SG,C.J.,,Wilcox,2.393749952,16,3500,ORL@ATL,ORL,ATL,O,Achilles
17888-37931,C,Aron,,Baynes,10.17872327,47,3500,DET@IND,DET,IND,,
17888-12335,PF,Kevin,,Seraphin,9.025925813,27,3500,DET@IND,IND,DET,,
17888-9783,C,Joel,,Anthony,5.699999809,4,3500,DEN@SA,SA,DEN,,
17888-43064,PG,Kay,,Felder,8.903448697,29,3500,CLE@NY,CLE,NY,,
17888-9785,SG,James,,Jones,4.416666667,30,3500,CLE@NY,CLE,NY,,
17888-23097,SG,Tomas,,Satoransky,8.551515521,33,3500,NO@WAS,WAS,NO,,
17888-66109,PF,Skal,,Labissiere,5.733333588,6,3500,GS@SAC,SAC,GS,,
17888-12349,SF,Luke,,Babbitt,8.609756098,41,3500,PHI@MIA,MIA,PHI,,
17888-12354,C,Cole,,Aldrich,8.008888753,45,3500,MEM@MIN,MIN,MEM,,
17888-15947,SG,Reggie,,Bullock,9.875,12,3500,DET@IND,DET,IND,,
17888-9804,C,Alexis,,Ajinca,11.36666652,21,3500,NO@WAS,NO,WAS,,
17888-12368,PF,Nemanja,,Bjelica,12.12708282,48,3500,MEM@MIN,MIN,MEM,,
17888-15952,C,John,,Henson,17.48604708,43,3500,MIL@PHO,MIL,PHO,,
17888-55376,SF,Damjan,,Rudez,4.109677469,31,3500,ORL@ATL,ORL,ATL,,
17888-66129,PF,Deyonta,,Davis,5.367999878,25,3500,MEM@MIN,MEM,MIN,,
17888-58461,PF,Trey,,Lyles,14.75599976,50,3500,CHA@UTA,UTA,CHA,,
17888-58463,PG,Tyler,,Ulis,6.148387294,31,3500,MIL@PHO,PHO,MIL,,
17888-17517,SF,Tony,,Snell,14.69166692,48,3500,MIL@PHO,MIL,PHO,,
17888-23156,SF,Georges,,Niang,2.114999962,20,3500,DET@IND,IND,DET,,
17888-41082,C,Damian,,Jones,2.533333302,3,3500,GS@SAC,GS,SAC,,
17888-58490,PG,Wade,,Baldwin IV,8.420833588,24,3500,MEM@MIN,MEM,MIN,,
17888-12421,C,Tiago,,Splitter,11.97777812,36,3500,ORL@ATL,ATL,ORL,O,Hamstring
17888-17542,C,Alan,,Williams,7.772221883,18,3500,MIL@PHO,PHO,MIL,,
17888-12423,C,Omer,,Asik,10.6299998,30,3500,NO@WAS,NO,WAS,,
17888-23178,SF,Mirza,,Teletovic,10.90250015,40,3500,MIL@PHO,MIL,PHO,,
17888-23189,PF,Joel,,Bolomboy,2.722222222,9,3500,CHA@UTA,UTA,CHA,,
17888-66203,SG,Malachi,,Richardson,5.473333232,15,3500,GS@SAC,SAC,GS,,
17888-48799,PF,Maurice,,Ndour,5.205555386,18,3500,CLE@NY,NY,CLE,,
17888-70819,PF,Dragan,,Bender,7.207894576,38,3500,MIL@PHO,PHO,MIL,O,Ankle
17888-14500,PF,Derrick,,Williams,11.22499975,24,3500,PHI@MIA,MIA,PHI,,
17888-70821,C,Georgios,,Papagiannis,1.100000024,2,3500,GS@SAC,SAC,GS,,
17888-42662,SF,Troy,,Williams,10.30416679,24,3500,MEM@MIN,MEM,MIN,,
17888-9895,SF,Steve,,Novak,1.075000048,8,3500,MIL@PHO,MIL,PHO,,
17888-70822,PF,Juancho,,Hernangomez,7.799999815,33,3500,DEN@SA,DEN,SA,,
17888-42664,SG,Aaron,,Harrison,1.820000076,5,3500,CHA@UTA,CHA,UTA,,
17888-70825,SG,Timothe,,Luwawu-Cabarrot,6.125,36,3500,PHI@MIA,PHI,MIA,,
17888-14506,SG,Brandon,,Knight,17.1936165,47,3500,MIL@PHO,PHO,MIL,,
17888-14510,SG,Alec,,Burks,9.914285932,14,3500,CHA@UTA,UTA,CHA,,
17888-14519,PF,Donatas,,Motiejunas,12.73846201,13,3500,NO@WAS,NO,WAS,,
17888-49336,SF,DeAndre',,Bembry,5.440000153,20,3500,ORL@ATL,ATL,ORL,,
17888-23743,PF,Daniel,,Ochefu,2.615384615,13,3500,NO@WAS,WAS,NO,,
17888-14533,PG,Shelvin,,Mack,14.45714315,42,3500,CHA@UTA,UTA,CHA,,
17888-23750,C,Mike,,Tobey,0,0,3500,CHA@UTA,CHA,UTA,,
17888-16071,PG,Tim,,Frazier,22.2405412,37,3500,NO@WAS,NO,WAS,,
17888-22727,PG,Ron,,Baker,7.804166794,24,3500,CLE@NY,NY,CLE,,
17888-14537,SF,Chandler,,Parsons,12.3391299,23,3500,MEM@MIN,MEM,MIN,,
17888-23757,PG,Brian,,Roberts,4.357142857,14,3500,CHA@UTA,CHA,UTA,,
17888-9935,C,Brandan,,Wright,6.400000095,2,3500,MEM@MIN,MEM,MIN,,
17888-58576,PF,Kevon,,Looney,7.508107778,37,3500,GS@SAC,GS,SAC,,
17888-9940,SF,Dante,,Cunningham,13.47567584,37,3500,NO@WAS,NO,WAS,,
17888-14549,PF,Lavoy,,Allen,6.659459294,37,3500,DET@IND,IND,DET,,
17888-14552,SG,DeAndre,,Liggins,7.567500305,40,3500,CLE@NY,CLE,NY,,
17888-16089,SG,Lamar,,Patterson,6.800000191,1,3500,ORL@ATL,ATL,ORL,,
17888-15585,SG,Michael,,Gbinije,1.325000048,8,3500,DET@IND,DET,IND,,
17888-58081,PG,Tyus,,Jones,7.727586417,29,3500,MEM@MIN,MIN,MEM,,
17888-9955,SG,Marcus,,Thornton,11.79393976,33,3500,NO@WAS,WAS,NO,,
17888-15587,SF,Ryan,,Kelly,4.388888889,9,3500,ORL@ATL,ATL,ORL,,
17888-15589,C,Marshall,,Plumlee,6.233333588,6,3500,CLE@NY,NY,CLE,,
17888-15591,C,Miles,,Plumlee,5.956250191,32,3500,CHA@UTA,CHA,UTA,,
17888-23788,SG,Bryn,,Forbes,2.163157814,19,3500,DEN@SA,SA,DEN,,
17888-9466,PG,D.J.,,Augustin,14.70392205,51,3500,ORL@ATL,ORL,ATL,,
17888-71420,PG,Sergio,,Rodriguez,18.98636419,44,3500,PHI@MIA,PHI,MIA,,
17888-23294,SF,Danuel,,House,1.200000048,1,3500,NO@WAS,WAS,NO,O,Wrist
17888-9471,PF,Boris,,Diaw,10.05121966,41,3500,CHA@UTA,UTA,CHA,,
17888-15620,C,Okaro,,White,8.5625,8,3500,PHI@MIA,MIA,PHI,,
17888-55055,PG,Dante,,Exum,10.44285714,35,3500,CHA@UTA,UTA,CHA,,
17888-23824,PG,Archie,,Goodwin,6.166666667,3,3500,NO@WAS,NO,WAS,,
17888-40208,PG,Raul,,Neto,4.992000122,25,3500,CHA@UTA,UTA,CHA,,
17888-9490,C,Anderson,,Varejao,4.957142966,14,3500,GS@SAC,GS,SAC,,
17888-55063,C,Edy,,Tavares,3.200000048,1,3500,ORL@ATL,ATL,ORL,,
17888-9496,PG,Jason,,Terry,8.113953346,43,3500,MIL@PHO,MIL,PHO,,
17888-9501,PF,Kris,,Humphries,10.225,40,3500,ORL@ATL,ATL,ORL,,
17888-9506,SG,J.R.,,Smith,15.66666667,21,3500,CLE@NY,CLE,NY,O,Thumb
17888-9507,SG,Arron,,Afflalo,12.34285772,42,3500,GS@SAC,SAC,GS,O,Illness
17888-58661,SG,Rashad,,Vaughn,7.115000153,20,3500,MIL@PHO,MIL,PHO,,
17888-9513,C,Chris,,Andersen,7.641666412,12,3500,CLE@NY,CLE,NY,O,Knee
17888-58153,SF,Kelly,,Oubre Jr.,12.70638324,47,3500,NO@WAS,WAS,NO,,
17888-9514,SG,Rodney,,Stuckey,14.35555522,18,3500,DET@IND,IND,DET,GTD,Ankle
17888-71467,PG,Malcolm,,Delaney,12.03,50,3500,ORL@ATL,ATL,ORL,,
17888-9526,SG,Monta,,Ellis,16.84634176,41,3500,DET@IND,IND,DET,,
17888-16188,SF,Anthony,,Brown,9.145454407,11,3500,ORL@ATL,ORL,ATL,,
17888-9534,PG,Aaron,,Brooks,10.22727273,44,3500,DET@IND,IND,DET,,
17888-17218,PF,Andrew,,Nicholson,5.344444557,27,3500,NO@WAS,WAS,NO,,
17888-16197,PG,Chasson,,Randle,7.833333333,6,3500,PHI@MIA,PHI,MIA,,
17888-20805,SG,Troy,,Daniels,11.61891875,37,3500,MEM@MIN,MEM,MIN,,
17888-20806,SF,Treveon,,Graham,3.193749905,16,3500,CHA@UTA,CHA,UTA,,
17888-16202,C,Rakeem,,Christmas,4.875,4,3500,DET@IND,IND,DET,GTD,Groin
17888-9547,SF,Mike,,Dunleavy,9.851428223,35,3500,ORL@ATL,ATL,ORL,,
17888-17230,SG,Langston,,Galloway,14.97499975,48,3500,NO@WAS,NO,WAS,,
17888-9553,C,Roy,,Hibbert,11.96190462,42,3500,MIL@PHO,MIL,PHO,O,Coach's decision
17888-63826,C,Boban,,Marjanovic,8.614285424,21,3500,DET@IND,DET,IND,,
17888-17747,SG,Ian,,Clark,10.6391303,46,3500,GS@SAC,GS,SAC,,
17888-11100,PG,Reggie,,Williams,8.840000153,5,3500,NO@WAS,NO,WAS,,
17888-9567,SG,Sasha,,Vujacic,5.765384381,26,3500,CLE@NY,NY,CLE,,
17888-16230,SG,Jordan,,McRae,7.181250095,32,3500,CLE@NY,CLE,NY,,
17888-15727,SG,Ben,,McLemore,8.29142892,35,3500,GS@SAC,SAC,GS,,
17888-40819,PF,Jarell,,Martin,9.2625,40,3500,MEM@MIN,MEM,MIN,,
17888-9589,PF,Udonis,,Haslem,5.146666463,15,3500,PHI@MIA,MIA,PHI,,
17888-16246,SG,Sheldon,,McClellan,6.326086957,23,3500,NO@WAS,WAS,NO,,
17888-15736,C,Jeff,,Withey,7.321428571,28,3500,CHA@UTA,UTA,CHA,,
17888-9605,PG,Ramon,,Sessions,12.06199951,50,3500,CHA@UTA,CHA,UTA,O,Knee
17888-18828,SG,Joe,,Young,4.331818321,22,3500,DET@IND,IND,DET,,
17888-66455,PF,Henry,,Ellenson,2.600000109,14,3500,DET@IND,DET,IND,,
17888-66966,C,Stephen,,Zimmerman Jr.,4.037499905,8,3500,ORL@ATL,ORL,ATL,,
17888-66968,SF,Derrick,,Jones Jr.,1,3,3500,MIL@PHO,PHO,MIL,,
17888-9629,PF,David,,West,11.7452378,42,3500,GS@SAC,GS,SAC,O,Thumb
17888-18352,PG,Ray,,McCallum,7.253658388,41,3500,CHA@UTA,CHA,UTA,,
17888-74164,PG,Nicolas,,Laprovittola,5.777777778,18,3500,DEN@SA,SA,DEN,,
17888-9669,PF,Jason,,Smith,9.980851194,47,3500,NO@WAS,WAS,NO,,
17888-15814,PF,Alex,,Len,17.97916667,48,3500,MIL@PHO,PHO,MIL,,
17888-9674,SG,Leandro,,Barbosa,9.467391304,46,3500,MIL@PHO,PHO,MIL,,
17888-9677,PF,Jared,,Dudley,14.23030322,33,3500,MIL@PHO,PHO,MIL,O,Illness
17888-16859,SF,Lance,,Thomas,8.439999898,30,3500,CLE@NY,NY,CLE,GTD,Orbital
17888-16348,SG,Darrun,,Hilliard,5.803845919,26,3500,DET@IND,DET,IND,,
17888-9693,PG,Beno,,Udrih,11.72758642,29,3500,DET@IND,DET,IND,,
17888-15843,PG,Trey,,Burke,8.24888916,45,3500,NO@WAS,WAS,NO,,
17888-9706,SF,Richard,,Jefferson,9.663830047,47,3500,CLE@NY,CLE,NY,,
17888-16368,SF,Mike,,Scott,7.206666565,15,3500,ORL@ATL,ATL,ORL,,
17888-15864,PF,Adreian,,Payne,7.416666667,12,3500,MEM@MIN,MIN,MEM,GTD,Illness