"Id","Position","First Name","Nickname","Last Name","FPPG","Played","Salary","Game","Team","Opponent","Injury Indicator","Injury Details","",""
"17699-9642","PG","Russell","","Westbrook","57.0720952943314","43","12300","OKC@GS","OKC","GS","","","",""
"17699-9644","SG","James","","Harden","53.98181707208807","44","11800","MIL@HOU","HOU","MIL","","","",""
"17699-15755","PF","Anthony","","Davis","51.776924328926285","39","11200","ORL@NO","NO","ORL","GTD","Hip","",""
"17699-12362","C","DeMarcus","","Cousins","48.723075671073715","39","10700","IND@SAC","SAC","IND","","","",""
"17699-40199","SG","Giannis","","Antetokounmpo","47.02307754907853","39","10600","MIL@HOU","MIL","HOU","","","",""
"17699-9646","SF","Kevin","","Durant","46.51707197980183","41","10400","OKC@GS","GS","OKC","","","",""
"17699-14559","PG","Isaiah","","Thomas","40.2486473289696","37","9700","NY@BOS","BOS","NY","","","",""
"17699-9524","PG","Stephen","","Curry","39.61219452648628","41","9200","OKC@GS","GS","OKC","","","",""
"17699-12332","PG","John","","Wall","44.663156609786185","38","9100","MEM@WAS","WAS","MEM","","","",""
"17699-9714","SG","DeMar","","DeRozan","41.01219512195122","41","9000","TOR@PHI","TOR","PHI","","","",""
"17699-9535","PG","Kyle","","Lowry","39.939999389648435","40","8800","TOR@PHI","TOR","PHI","GTD","Rest","",""
"17699-20848","PG","Damian","","Lillard","40.33157830489309","38","8400","POR@CHA","POR","CHA","","","",""
"17699-49111","C","Joel","","Embiid","34.70357186453683","28","8400","TOR@PHI","PHI","TOR","GTD","Rest","",""
"17699-9729","PF","Paul","","Millsap","36.25526187294408","38","8300","ATL@DET","ATL","DET","","","",""
"17699-19067","SG","C.J.","","McCollum","34.6186040833939","43","8300","POR@CHA","POR","CHA","","","",""
"17699-9581","C","Marc","","Gasol","35.9390243902439","41","8100","MEM@WAS","MEM","WAS","","","",""
"17699-15860","PF","Draymond","","Green","37.08718011318109","39","8100","OKC@GS","GS","OKC","","","",""
"17699-15557","C","Andre","","Drummond","35.966666085379465","42","8000","ATL@DET","DET","ATL","GTD","Knee","",""
"17699-14507","PG","Kemba","","Walker","36.67000122070313","40","7900","POR@CHA","CHA","POR","","","",""
"17699-9446","PG","Jeff","","Teague","33.61499938964844","40","7800","IND@SAC","IND","SAC","","","",""
"17699-9575","PG","Mike","","Conley","33.95161290322581","31","7800","MEM@WAS","MEM","WAS","","","",""
"17699-9508","SF","Carmelo","","Anthony","34.8780487804878","41","7700","NY@BOS","NY","BOS","","","",""
"17699-12341","SF","Paul","","George","35.58787952769887","33","7500","IND@SAC","IND","SAC","","","",""
"17699-42550","PF","Jabari","","Parker","32.83999938964844","40","7500","MIL@HOU","MIL","HOU","","","",""
"17699-9809","SG","Nicolas","","Batum","33.3421052631579","38","7400","POR@CHA","CHA","POR","","","",""
"17699-63122","PF","Kristaps","","Porzingis","34.19722154405382","36","7400","NY@BOS","NY","BOS","GTD","Achilles","",""
"17699-9453","C","Al","","Horford","34.18386939264113","31","7300","NY@BOS","BOS","NY","","","",""
"17699-9577","SF","Rudy","","Gay","32.88620731748384","29","7300","IND@SAC","SAC","IND","","","",""
"17699-9660","C","Dwight","","Howard","33.76666598849826","36","7300","ATL@DET","ATL","DET","","","",""
"17699-14514","C","Nikola","","Vucevic","32.289999389648436","40","7200","ORL@NO","ORL","NO","","","",""
"17699-15595","SG","Bradley","","Beal","31.913889567057293","36","7000","MEM@WAS","WAS","MEM","","","",""
"17699-16261","SG","Khris","","Middleton","30.527847483188292","79","6900","MIL@HOU","MIL","HOU","O","Hamstring","",""
"17699-58253","C","Myles","","Turner","31.141025641025642","39","6900","IND@SAC","IND","SAC","","","",""
"17699-14509","SG","Klay","","Thompson","29.532501220703125","40","6500","OKC@GS","GS","OKC","","","",""
"17699-40201","PG","Dennis","","Schroder","29.09512254668445","41","6500","ATL@DET","ATL","DET","","","",""
"17699-12334","SG","Avery","","Bradley","30.794443766276043","36","6400","NY@BOS","BOS","NY","","","",""
"17699-9663","PG","Jrue","","Holiday","29.262962058738427","27","6400","ORL@NO","NO","ORL","","","",""
"17699-14516","PF","Enes","","Kanter","24.648837777071222","43","6300","OKC@GS","OKC","GS","","","",""
"17699-14523","PG","Reggie","","Jackson","26.095453435724433","22","6300","ATL@DET","DET","ATL","","","",""
"17699-15590","C","Mason","","Plumlee","28.876743050508722","43","6300","POR@CHA","POR","CHA","","","",""
"17699-19138","PG","Elfrid","","Payton","27.0767453215843","43","6200","ORL@NO","ORL","NO","","","",""
"17699-9475","PG","Derrick","","Rose","28.46486354518581","37","6200","NY@BOS","NY","BOS","","","",""
"17699-9957","PF","Serge","","Ibaka","28.609523228236608","42","6100","ORL@NO","ORL","NO","","","",""
"17699-9579","PF","Zach","","Randolph","26.438888549804688","36","6100","MEM@WAS","MEM","WAS","","","",""
"17699-14511","PF","Markieff","","Morris","25.17948717948718","39","6000","MEM@WAS","WAS","MEM","","","",""
"17699-14518","PF","Tobias","","Harris","26.709302325581394","43","6000","ATL@DET","DET","ATL","","","",""
"17699-12337","C","Greg","","Monroe","24.48205096905048","39","5900","MIL@HOU","MIL","HOU","","","",""
"17699-15628","SF","Otto","","Porter","27.742498779296874","40","5900","MEM@WAS","WAS","MEM","","","",""
"17699-9538","SF","Trevor","","Ariza","26.158140670421513","43","5800","MIL@HOU","HOU","MIL","","","",""
"17699-9556","SG","Eric","","Gordon","25.545238676525297","42","5800","MIL@HOU","HOU","MIL","","","",""
"17699-9598","PF","Ersan","","Ilyasova","24.353845840845352","39","5800","TOR@PHI","PHI","TOR","","","",""
"17699-9661","C","Marcin","","Gortat","29.104998779296874","40","5800","MEM@WAS","WAS","MEM","","","",""
"17699-14503","C","Jonas","","Valanciunas","26.0105269582648","38","5700","TOR@PHI","TOR","PHI","","","",""
"17699-12342","PF","Al-Farouq","","Aminu","20.82","25","5600","POR@CHA","POR","CHA","","","",""
"17699-23670","PG","Marcus","","Smart","22.82894736842105","38","5600","NY@BOS","BOS","NY","","","",""
"17699-15684","SG","Victor","","Oladipo","26.09705846449908","34","5600","OKC@GS","OKC","GS","","","",""
"17699-15800","SF","Jae","","Crowder","24.163637103456438","33","5600","NY@BOS","BOS","NY","","","",""
"17699-9692","SG","Tyreke","","Evans","19.785714285714285","14","5600","ORL@NO","NO","ORL","","","",""
"17699-23169","C","Steven","","Adams","25.36904761904762","42","5500","OKC@GS","OKC","GS","O","Concussion","",""
"17699-15636","SG","Kentavious","","Caldwell-Pope","24.70500030517578","40","5400","ATL@DET","DET","ATL","GTD","Shoulder","",""
"17699-9666","PF","Thaddeus","","Young","23.99250030517578","40","5400","IND@SAC","IND","SAC","","","",""
"17699-18393","PG","T.J.","","McConnell","17.513157894736842","38","5400","TOR@PHI","PHI","TOR","GTD","Wrist","",""
"17699-20491","SF","Robert","","Covington","22.58888922797309","36","5300","TOR@PHI","PHI","TOR","","","",""
"17699-12474","PG","Patrick","","Beverley","25.74333292643229","30","5300","MIL@HOU","HOU","MIL","","","",""
"17699-23776","PF","Montrezl","","Harrell","17.74857177734375","35","5300","MIL@HOU","HOU","MIL","","","",""
"17699-15757","PF","Terrence","","Jones","22.085000610351564","40","5300","ORL@NO","NO","ORL","","","",""
"17699-16359","PG","Malcolm","","Brogdon","19.23999938964844","40","5300","MIL@HOU","MIL","HOU","","","",""
"17699-23096","SG","Evan","","Fournier","25.08108108108108","37","5200","ORL@NO","ORL","NO","GTD","Foot","",""
"17699-55059","C","Clint","","Capela","25.42142813546317","28","5200","MIL@HOU","HOU","MIL","","","",""
"17699-9483","C","Joakim","","Noah","21.849999678762334","38","5100","NY@BOS","NY","BOS","","","",""
"17699-15691","C","Cody","","Zeller","23.149999281939337","34","5100","POR@CHA","CHA","POR","","","",""
"17699-9772","PF","Ryan","","Anderson","22.23023312590843","43","5000","MIL@HOU","HOU","MIL","O","Illness","",""
"17699-41594","SF","Aaron","","Gordon","20.979069199672963","43","4900","ORL@NO","ORL","NO","","","",""
"17699-14512","SF","Marcus","","Morris","22.41190447126116","42","4900","ATL@DET","DET","ATL","","","",""
"17699-15559","SG","Jeremy","","Lamb","17.67142813546317","28","4900","POR@CHA","CHA","POR","O","Foot","",""
"17699-15758","SF","Michael","","Kidd-Gilchrist","22.32250061035156","40","4800","POR@CHA","CHA","POR","","","",""
"17699-15846","SG","Tim","","Hardaway Jr.","17.625641651642628","39","4800","ATL@DET","ATL","DET","","","",""
"17699-9458","SG","Tony","","Allen","21.283333672417534","36","4700","MEM@WAS","MEM","WAS","","","",""
"17699-58083","C","Jahlil","","Okafor","20.023333740234374","30","4600","TOR@PHI","PHI","TOR","","","",""
"17699-9451","PF","Marvin","","Williams","20.27428501674107","35","4600","POR@CHA","CHA","POR","","","",""
"17699-19781","SF","Kent","","Bazemore","20.348717322716347","39","4600","ATL@DET","ATL","DET","","","",""
"17699-17384","C","Kyle","","O'Quinn","17.18000030517578","40","4600","NY@BOS","NY","BOS","","","",""
"17699-23825","PF","Nerlens","","Noel","16.146153376652645","13","4500","TOR@PHI","PHI","TOR","GTD","Ankle","",""
"17699-9624","PG","Darren","","Collison","21.600000381469727","32","4500","IND@SAC","SAC","IND","","","",""
"17699-15405","PF","JaMychal","","Green","21.245237804594495","42","4400","MEM@WAS","MEM","WAS","","","",""
"17699-12359","SF","Evan","","Turner","19.852499389648436","40","4400","POR@CHA","POR","CHA","","","",""
"17699-14539","PF","Jon","","Leuer","21.526315789473685","38","4400","ATL@DET","DET","ATL","GTD","Knee","",""
"17699-16178","SF","Maurice","","Harkless","21.697560380144818","41","4400","POR@CHA","POR","CHA","","","",""
"17699-9587","SF","Michael","","Beasley","15.514705882352942","34","4400","MIL@HOU","MIL","HOU","","","",""
"17699-9593","PG","Brandon","","Jennings","18.680951799665177","42","4400","NY@BOS","NY","BOS","","","",""
"17699-22541","C","Kelly","","Olynyk","18.182857840401784","35","4300","NY@BOS","BOS","NY","","","",""
"17699-9787","SF","DeMarre","","Carroll","18.52857142857143","35","4200","TOR@PHI","TOR","PHI","","","",""
"17699-9964","PG","Ty","","Lawson","18.635897122896633","39","4200","IND@SAC","SAC","IND","GTD","Ankle","",""
"17699-55056","PF","Dario","","Saric","18.78461475861378","39","4200","TOR@PHI","PHI","TOR","","","",""
"17699-15501","SG","Allen","","Crabbe","17.032558707303778","43","4100","POR@CHA","POR","CHA","","","",""
"17699-9454","C","Zaza","","Pachulia","16.97837870829814","37","4100","OKC@GS","GS","OKC","","","",""
"17699-71420","PG","Sergio","","Rodriguez","20.737142508370535","35","4100","TOR@PHI","PHI","TOR","","","",""
"17699-11074","SG","Garrett","","Temple","16.175","40","4100","IND@SAC","SAC","IND","","","",""
"17699-15417","SF","Solomon","","Hill","14.519999694824218","40","4000","ORL@NO","NO","ORL","","","",""
"17699-9920","PF","Anthony","","Tolliver","13.142857142857142","28","4000","IND@SAC","SAC","IND","","","",""
"17699-71345","SF","Mindaugas","","Kuzminskas","9.877143205915178","35","3900","NY@BOS","NY","BOS","","","",""
"17699-14529","PG","Cory","","Joseph","17.832499694824218","40","3900","TOR@PHI","TOR","PHI","","","",""
"17699-9953","C","Ian","","Mahinmi","4.199999809265137","1","3900","MEM@WAS","WAS","MEM","O","Knee","",""
"17699-63826","C","Boban","","Marjanovic","9.173684371145148","19","3900","ATL@DET","DET","ATL","","","",""
"17699-9664","SF","Andre","","Iguodala","16.810000610351562","40","3900","OKC@GS","GS","OKC","","","",""
"17699-9700","C","Spencer","","Hawes","15.413793103448276","29","3900","POR@CHA","CHA","POR","","","",""
"17699-9715","SG","Marco","","Belinelli","16.97222222222222","36","3900","POR@CHA","CHA","POR","","","",""
"17699-12340","PF","Patrick","","Patterson","17.7242431640625","33","3800","TOR@PHI","TOR","PHI","O","Knee","",""
"17699-23665","SG","Buddy","","Hield","14.25","42","3800","ORL@NO","NO","ORL","","","",""
"17699-15548","SF","Andre","","Roberson","17.56511599518532","43","3800","OKC@GS","OKC","GS","","","",""
"17699-9968","SG","Jodie","","Meeks","15.58695652173913","23","3800","ORL@NO","ORL","NO","","","",""
"17699-40200","C","Lucas","","Nogueira","16.781817811908144","33","3800","TOR@PHI","TOR","PHI","GTD","Eye","",""
"17699-9647","SF","Thabo","","Sefolosha","19.168421695106908","38","3800","ATL@DET","ATL","DET","","","",""
"17699-16405","SF","Terrence","","Ross","16.669230143229168","39","3700","TOR@PHI","TOR","PHI","","","",""
"17699-23097","SG","Tomas","","Satoransky","9.204000244140625","25","3700","MEM@WAS","WAS","MEM","","","",""
"17699-16448","PF","Frank","","Kaminsky","19.292308318309296","39","3700","POR@CHA","CHA","POR","","","",""
"17699-20064","PG","Matthew","","Dellavedova","18.35428641183036","35","3700","MIL@HOU","MIL","HOU","","","",""
"17699-9862","PF","Amir","","Johnson","16.13000030517578","40","3700","NY@BOS","BOS","NY","","","",""
"17699-14505","C","Bismack","","Biyombo","18.754762195405505","42","3700","ORL@NO","ORL","NO","GTD","Knee","",""
"17699-22727","PG","Ron","","Baker","8.45882370892693","17","3700","NY@BOS","NY","BOS","","","",""
"17699-14554","SG","E'Twaun","","Moore","17.144736842105264","38","3700","ORL@NO","NO","ORL","","","",""
"17699-40209","C","Joffrey","","Lauvergne","11.445945945945946","37","3700","OKC@GS","OKC","GS","","","",""
"17699-9501","PF","Kris","","Humphries","9.928125381469727","32","3700","ATL@DET","ATL","DET","","","",""
"17699-9512","C","Nene","","Hilario","14.646154159154648","39","3700","MIL@HOU","HOU","MIL","","","",""
"17699-58153","SF","Kelly","","Oubre Jr.","12.349999678762336","38","3700","MEM@WAS","WAS","MEM","","","",""
"17699-71467","PG","Malcolm","","Delaney","12.148780636671113","41","3700","ATL@DET","ATL","DET","","","",""
"17699-9565","PG","Jordan","","Farmar","15.050000190734863","2","3700","IND@SAC","SAC","IND","","","",""
"17699-9615","SG","Courtney","","Lee","17.06756756756757","37","3700","NY@BOS","NY","BOS","","","",""
"17699-23447","PF","Richaun","","Holmes","15.580952962239584","21","3700","TOR@PHI","PHI","TOR","","","",""
"17699-9657","SF","Matt","","Barnes","17.570269610430742","37","3700","IND@SAC","SAC","IND","","","",""
"17699-58350","SF","Stanley","","Johnson","9.905127892127403","39","3700","ATL@DET","DET","ATL","","","",""
"17699-9725","SF","C.J.","","Miles","17.100000718060663","34","3700","IND@SAC","IND","SAC","","","",""
"17699-66091","PF","Cheick","","Diallo","11.314285278320312","7","3600","ORL@NO","NO","ORL","","","",""
"17699-15952","C","John","","Henson","17.400000321237666","38","3600","MIL@HOU","MIL","HOU","","","",""
"17699-63127","C","Guillermo","","Hernangomez","11.925714111328125","35","3600","NY@BOS","NY","BOS","","","",""
"17699-42661","PF","Noah","","Vonleh","8.014285714285714","35","3600","POR@CHA","POR","CHA","","","",""
"17699-16604","SG","Justin","","Holiday","13.535714285714286","42","3600","NY@BOS","NY","BOS","","","",""
"17699-9951","SG","Gerald","","Henderson","15.971428571428572","35","3600","TOR@PHI","PHI","TOR","","","",""
"17699-12511","PG","Ish","","Smith","19.795238676525297","42","3600","ATL@DET","DET","ATL","","","",""
"17699-9960","PF","Omri","","Casspi","12.772727272727273","22","3600","IND@SAC","SAC","IND","O","Calf","",""
"17699-23800","SF","Glenn","","Robinson III","13.218420731393914","38","3600","IND@SAC","IND","SAC","","","",""
"17699-9466","PG","D.J.","","Augustin","14.958139818768169","43","3600","ORL@NO","ORL","NO","","","",""
"17699-23831","SF","Jerami","","Grant","12.56190418061756","42","3600","OKC@GS","OKC","GS","","","",""
"17699-9514","SG","Rodney","","Stuckey","14.629411585190716","17","3600","IND@SAC","IND","SAC","O","Hamstring","",""
"17699-15669","PF","Meyers","","Leonard","10.849999678762336","38","3600","POR@CHA","POR","CHA","","","",""
"17699-16293","SG","Norman","","Powell","10.35675708667652","37","3600","TOR@PHI","TOR","PHI","","","",""
"17699-9731","C","Kosta","","Koufos","15.072500610351563","40","3500","IND@SAC","SAC","IND","","","",""
"17699-58378","C","Jakob","","Poeltl","6.818181818181818","22","3500","TOR@PHI","TOR","PHI","","","",""
"17699-9739","C","JaVale","","McGee","9.62702735694679","37","3500","OKC@GS","GS","OKC","","","",""
"17699-23572","SF","Taurean","","Prince","7.349999745686849","24","3500","ATL@DET","ATL","DET","","","",""
"17699-16411","SG","C.J.","","Wilcox","2.393749952316284","16","3500","ORL@NO","ORL","NO","","","",""
"17699-37931","C","Aron","","Baynes","9.785366151391006","41","3500","ATL@DET","DET","ATL","GTD","Knee","",""
"17699-12335","PF","Kevin","","Seraphin","10.191304082455842","23","3500","IND@SAC","IND","SAC","","","",""
"17699-66109","PF","Skal","","Labissiere","4.300000190734863","4","3500","IND@SAC","SAC","IND","","","",""
"17699-15947","SG","Reggie","","Bullock","8.84999974568685","6","3500","ATL@DET","DET","ATL","","","",""
"17699-9804","C","Alexis","","Ajinca","11.366666521344866","21","3500","ORL@NO","NO","ORL","","","",""
"17699-12365","PF","Ed","","Davis","12.02249984741211","40","3500","POR@CHA","POR","CHA","O","Ankle","",""
"17699-55376","SF","Damjan","","Rudez","3.4833332697550454","24","3500","ORL@NO","ORL","NO","","","",""
"17699-66129","PF","Deyonta","","Davis","5.590476263137091","21","3500","MEM@WAS","MEM","WAS","","","",""
"17699-15955","PF","James Michael","","McAdoo","2.5062499046325684","16","3500","OKC@GS","GS","OKC","","","",""
"17699-17491","SF","James","","Ennis III","16.07586248989763","29","3500","MEM@WAS","MEM","WAS","","","",""
"17699-15961","C","Tyler","","Zeller","10.066666214554399","27","3500","NY@BOS","BOS","NY","O","Illness","",""
"17699-41063","PF","Jordan","","Mickey","5.279999923706055","10","3500","NY@BOS","BOS","NY","","","",""
"17699-41065","PG","Tim","","Quarterman","2.9750000635782876","12","3500","POR@CHA","POR","CHA","","","",""
"17699-23148","PG","Semaj","","Christon","8.805555555555555","36","3500","OKC@GS","OKC","GS","","","",""
"17699-17517","SF","Tony","","Snell","15.08718011318109","39","3500","MIL@HOU","MIL","HOU","","","",""
"17699-23156","SF","Georges","","Niang","2.017647013944738","17","3500","IND@SAC","IND","SAC","","","",""
"17699-60021","PF","Pascal","","Siakam","11.631578947368421","38","3500","TOR@PHI","TOR","PHI","","","",""
"17699-9849","SG","Gerald","","Green","9.595652041227922","23","3500","NY@BOS","BOS","NY","","","",""
"17699-15993","SG","Pat","","Connaughton","3.3157894736842106","19","3500","POR@CHA","POR","CHA","","","",""
"17699-41082","C","Damian","","Jones","-2","1","3500","OKC@GS","GS","OKC","","","",""
"17699-58490","PG","Wade","","Baldwin IV","8.634782874065897","23","3500","MEM@WAS","MEM","WAS","","","",""
"17699-12421","C","Tiago","","Splitter","11.977778116861979","36","3500","ATL@DET","ATL","DET","O","Hamstring","",""
"17699-12423","C","Omer","","Asik","11.031034272292565","29","3500","ORL@NO","NO","ORL","","","",""
"17699-58505","C","Chinanu","","Onuaku","6.550000190734863","2","3500","MIL@HOU","HOU","MIL","","","",""
"17699-23178","SF","Mirza","","Teletovic","11.903029933120266","33","3500","MIL@HOU","MIL","HOU","","","",""
"17699-63123","SG","Mario","","Hezonja","5.1299997965494795","30","3500","ORL@NO","ORL","NO","","","",""
"17699-66203","SG","Malachi","","Richardson","4.466666539510091","6","3500","IND@SAC","SAC","IND","","","",""
"17699-48799","PF","Maurice","","Ndour","4.95882370892693","17","3500","NY@BOS","NY","BOS","","","",""
"17699-70821","C","Georgios","","Papagiannis","1.100000023841858","2","3500","IND@SAC","SAC","IND","","","",""
"17699-70820","PF","Thon","","Maker","3.9588237089269303","17","3500","MIL@HOU","MIL","HOU","","","",""
"17699-42662","SF","Troy","","Williams","10.304166793823242","24","3500","MEM@WAS","MEM","WAS","","","",""
"17699-9895","SF","Steve","","Novak","1.0750000476837158","8","3500","MIL@HOU","MIL","HOU","","","",""
"17699-42664","SG","Aaron","","Harrison","1.8200000762939452","5","3500","POR@CHA","CHA","POR","","","",""
"17699-70825","SG","Timothe","","Luwawu-Cabarrot","5.43076911339393","26","3500","TOR@PHI","PHI","TOR","","","",""
"17699-42665","PG","Andrew","","Harrison","16.32250061035156","40","3500","MEM@WAS","MEM","WAS","","","",""
"17699-15532","SG","K.J.","","McDaniels","5.577272588556463","22","3500","MIL@HOU","HOU","MIL","","","",""
"17699-42671","SF","James","","Young","3.3363637057217685","11","3500","NY@BOS","BOS","NY","GTD","Ankle","",""
"17699-42677","PG","Terry","","Rozier","13.019444783528646","36","3500","NY@BOS","BOS","NY","","","",""
"17699-14519","PF","Donatas","","Motiejunas","12.54000015258789","5","3500","ORL@NO","NO","ORL","","","",""
"17699-24247","PG","Fred","","VanVleet","5.408333460489909","12","3500","TOR@PHI","TOR","PHI","","","",""
"17699-49336","SF","DeAndre'","","Bembry","3.8933334350585938","15","3500","ATL@DET","ATL","DET","GTD","Personal","",""
"17699-23743","PF","Daniel","","Ochefu","2.8100000381469727","10","3500","MEM@WAS","WAS","MEM","","","",""
"17699-42689","PG","Tyler","","Ennis","4.195833206176758","24","3500","MIL@HOU","HOU","MIL","","","",""
"17699-14532","SF","Kyle","","Singler","3.7181819568980825","22","3500","OKC@GS","OKC","GS","","","",""
"17699-16071","PG","Tim","","Frazier","23.69705918255974","34","3500","ORL@NO","NO","ORL","","","",""
"17699-15560","PG","Shabazz","","Napier","6.7666665536386","27","3500","POR@CHA","POR","CHA","","","",""
"17699-14537","SF","Chandler","","Parsons","11.347058464499082","17","3500","MEM@WAS","MEM","WAS","","","",""
"17699-23757","PG","Brian","","Roberts","2.8200000762939452","10","3500","POR@CHA","CHA","POR","","","",""
"17699-9935","C","Brandan","","Wright","14.466667175292969","12","3500","MEM@WAS","MEM","WAS","O","Ankle","",""
"17699-58576","PF","Kevon","","Looney","7.758064516129032","31","3500","OKC@GS","GS","OKC","","","",""
"17699-9940","SF","Dante","","Cunningham","13.189655172413794","29","3500","ORL@NO","NO","ORL","","","",""
"17699-14549","PF","Lavoy","","Allen","6.45","30","3500","IND@SAC","IND","SAC","","","",""
"17699-42202","PF","Christian","","Wood","2.4000000953674316","1","3500","POR@CHA","CHA","POR","","","",""
"17699-15585","SG","Michael","","Gbinije","1.3250000476837158","8","3500","ATL@DET","DET","ATL","O","Forearm","",""
"17699-9955","SG","Marcus","","Thornton","11.793939763849432","33","3500","MEM@WAS","WAS","MEM","","","",""
"17699-15587","SF","Ryan","","Kelly","4.388888888888889","9","3500","ATL@DET","ATL","DET","","","",""
"17699-23780","PF","Jake","","Layman","4.0363637750799","22","3500","POR@CHA","POR","CHA","","","",""
"17699-15589","C","Marshall","","Plumlee","4.899999936421712","3","3500","NY@BOS","NY","BOS","","","",""
"17699-15591","C","Miles","","Plumlee","5.277777777777778","27","3500","MIL@HOU","MIL","HOU","","","",""
"17699-9962","PF","Jonas","","Jerebko","10.421950921779725","41","3500","NY@BOS","BOS","NY","","","",""
"17699-23282","SF","Sam","","Dekker","14.388635808771307","44","3500","MIL@HOU","HOU","MIL","","","",""
"17699-23801","SG","Nik","","Stauskas","15.186487146326014","37","3500","TOR@PHI","PHI","TOR","","","",""
"17699-23294","SF","Danuel","","House","1.2000000476837158","1","3500","MEM@WAS","WAS","MEM","O","Wrist","",""
"17699-40206","SG","Alex","","Abrines","8.350000169542101","36","3500","OKC@GS","OKC","GS","","","",""
"17699-23823","PF","Willie","","Cauley-Stein","8.169697154651988","33","3500","IND@SAC","SAC","IND","","","",""
"17699-23824","PG","Archie","","Goodwin","6.166666666666667","3","3500","ORL@NO","NO","ORL","","","",""
"17699-9490","C","Anderson","","Varejao","5.3599998474121096","10","3500","OKC@GS","GS","OKC","","","",""
"17699-55058","SF","Bruno","","Caboclo","2.0875000953674316","8","3500","TOR@PHI","TOR","PHI","","","",""
"17699-55063","C","Edy","","Tavares","3.200000047683716","1","3500","ATL@DET","ATL","DET","","","",""
"17699-9496","PG","Jason","","Terry","8.008571079799108","35","3500","MIL@HOU","MIL","HOU","","","",""
"17699-58658","SG","Patrick","","McCaw","5.561290125693044","31","3500","OKC@GS","GS","OKC","","","",""
"17699-9507","SG","Arron","","Afflalo","11.400000369910037","33","3500","IND@SAC","SAC","IND","","","",""
"17699-58661","SG","Rashad","","Vaughn","6.731249809265137","16","3500","MIL@HOU","MIL","HOU","","","",""
"17699-9525","PG","C.J.","","Watson","6.435483870967742","31","3500","ORL@NO","ORL","NO","","","",""
"17699-41269","PG","Demetrius","","Jackson","4.824999809265137","4","3500","NY@BOS","BOS","NY","","","",""
"17699-9526","SG","Monta","","Ellis","18.231250762939453","32","3500","IND@SAC","IND","SAC","","","",""
"17699-9529","SG","Anthony","","Morrow","8.116666666666667","30","3500","OKC@GS","OKC","GS","","","",""
"17699-16188","SF","Anthony","","Brown","9.022221883138021","9","3500","ORL@NO","NO","ORL","","","",""
"17699-9534","PG","Aaron","","Brooks","11.227026862067145","37","3500","IND@SAC","IND","SAC","","","",""
"17699-16191","SF","Josh","","Huestis","5.8","5","3500","OKC@GS","OKC","GS","","","",""
"17699-17218","PF","Andrew","","Nicholson","5.515999755859375","25","3500","MEM@WAS","WAS","MEM","","","",""
"17699-16197","PG","Chasson","","Randle","10.449999809265137","2","3500","TOR@PHI","PHI","TOR","","","",""
"17699-20805","SG","Troy","","Daniels","13.090624809265137","32","3500","MEM@WAS","MEM","WAS","","","",""
"17699-20806","SF","Treveon","","Graham","3.258333206176758","12","3500","POR@CHA","CHA","POR","","","",""
"17699-16202","C","Rakeem","","Christmas","3.366666793823242","3","3500","IND@SAC","IND","SAC","","","",""
"17699-9547","SF","Mike","","Dunleavy","9.15769254244291","26","3500","ATL@DET","ATL","DET","","","",""
"17699-17230","SG","Langston","","Galloway","15.214633848608994","41","3500","ORL@NO","NO","ORL","","","",""
"17699-9553","C","Roy","","Hibbert","12.282353120691637","34","3500","POR@CHA","CHA","POR","","","",""
"17699-17747","SG","Ian","","Clark","11.200000160618833","38","3500","OKC@GS","GS","OKC","","","",""
"17699-11100","SG","Reggie","","Williams","8.84000015258789","5","3500","ORL@NO","NO","ORL","","","",""
"17699-9567","SG","Sasha","","Vujacic","5.252174045728601","23","3500","NY@BOS","NY","BOS","","","",""
"17699-15727","SG","Ben","","McLemore","8.203225904895413","31","3500","IND@SAC","SAC","IND","","","",""
"17699-40819","PF","Jarell","","Martin","9.678947047183389","38","3500","MEM@WAS","MEM","WAS","","","",""
"17699-74101","PG","Bobby","","Brown","1.0300000190734864","10","3500","MIL@HOU","HOU","MIL","","","",""
"17699-16246","SG","Sheldon","","McClellan","7.244444105360243","18","3500","MEM@WAS","WAS","MEM","","","",""
"17699-40830","PG","Delon","","Wright","7.40370347764757","27","3500","TOR@PHI","TOR","PHI","O","Shoulder","",""
"17699-9605","PG","Ramon","","Sessions","12.426829268292684","41","3500","POR@CHA","CHA","POR","","","",""
"17699-9606","SF","Corey","","Brewer","8.953488372093023","43","3500","MIL@HOU","HOU","MIL","","","",""
"17699-9609","C","Al","","Jefferson","15.18249969482422","40","3500","IND@SAC","IND","SAC","","","",""
"17699-18828","SG","Joe","","Young","4.6400001525878904","20","3500","IND@SAC","IND","SAC","","","",""
"17699-66455","PF","Henry","","Ellenson","2.5307693481445312","13","3500","ATL@DET","DET","ATL","","","",""
"17699-15767","PF","Kyle","","Wiltjer","1.9333332909478083","9","3500","MIL@HOU","HOU","MIL","","","",""
"17699-66966","C","Stephen","","Zimmerman Jr.","4.037499904632568","8","3500","ORL@NO","ORL","NO","","","",""
"17699-9629","PF","David","","West","11.648780636671113","41","3500","OKC@GS","GS","OKC","","","",""
"17699-9643","PG","Shaun","","Livingston","10.75","40","3500","OKC@GS","GS","OKC","","","",""
"17699-9648","SF","Jeff","","Green","14.604762486049108","42","3500","ORL@NO","ORL","NO","","","",""
"17699-9649","PF","Nick","","Collison","3.6272728659889917","11","3500","OKC@GS","OKC","GS","","","",""
"17699-9654","SF","Vince","","Carter","16.294443766276043","36","3500","MEM@WAS","MEM","WAS","","","",""
"17699-48567","PG","Cameron","","Payne","9.566666920979818","6","3500","OKC@GS","OKC","GS","","","",""
"17699-9669","PF","Jason","","Smith","8.82368388928865","38","3500","MEM@WAS","WAS","MEM","","","",""
"17699-16331","C","Festus","","Ezeli","16.91304347826087","46","3500","POR@CHA","POR","CHA","O","Knee","",""
"17699-67026","SF","Jaylen","","Brown","8.592500305175781","40","3500","NY@BOS","BOS","NY","","","",""
"17699-16859","SF","Lance","","Thomas","8.43999989827474","30","3500","NY@BOS","NY","BOS","O","Head","",""
"17699-16348","SG","Darrun","","Hilliard","5.804000244140625","25","3500","ATL@DET","DET","ATL","","","",""
"17699-9693","PG","Beno","","Udrih","12.59629652235243","27","3500","ATL@DET","DET","ATL","","","",""
"17699-59358","PF","Domantas","","Sabonis","13.127906976744185","43","3500","OKC@GS","OKC","GS","","","",""
"17699-15843","PG","Trey","","Burke","7.711111280653212","36","3500","MEM@WAS","WAS","MEM","","","",""
"17699-17894","PF","Mike","","Muscala","15.572500610351563","40","3500","ATL@DET","ATL","DET","O","Ankle","",""
"17699-16368","SF","Mike","","Scott","7.899999830457899","9","3500","ATL@DET","ATL","DET","","","",""
"17699-42488","PF","Arinze","","Onuaku","1.774999976158142","8","3500","ORL@NO","ORL","NO","","","",""